predictor,instructions,tracename,IPC,Branch_Prediction_Accuracy,MPKI,ROB_Occ_at_Mispredict,BRANCH_DIRECT_JUMP,BRANCH_INDIRECT,BRANCH_CONDITIONAL,BRANCH_DIRECT_CALL,BRANCH_INDIRECT_CALL,BRANCH_RETURN
ltage_diff_num_entries,30,cadical-med-30K-1463B,2.84449,91.3015,13.1411,57.9768,291511.0,0.0,4226891.0,6892.0,0.0,6892.0
ltage_diff_num_entries,30,cadical-med-30K-831B,2.8941,91.2426,13.2582,57.4693,308041.0,0.0,4217864.0,7947.0,0.0,7947.0
ltage_diff_num_entries,30,cadical-med-30K-1246B,2.83911,91.2727,13.2852,58.8102,289665.0,0.0,4266046.0,5545.0,0.0,5545.0
ltage_diff_num_entries,30,kissat-mab-hywalk-low-30K-299B,2.75911,94.1072,8.81423,59.0121,700866.0,0.0,3649489.0,68462.0,0.0,68462.0
ltage_diff_num_entries,30,cadical-med-30K-109B,2.9237,93.1438,10.1201,73.6144,312551.0,0.0,4076729.0,19428.0,0.0,19428.0
ltage_diff_num_entries,30,cadical-med-30K-137B,3.27595,97.4068,6.06977,44.3116,691968.0,0.0,6265651.0,32101.0,0.0,32102.0
ltage_diff_num_entries,30,cadical-low-60K-1186B,2.91706,95.7113,7.0549,89.1306,165457.0,0.0,4730810.0,19370.0,0.0,19369.0
ltage_diff_num_entries,30,cadical-med-30K-267B,2.90117,91.5102,12.7512,59.1036,320704.0,0.0,4167074.0,9038.0,0.0,9031.0
