predictor,instructions,tracename,IPC,Branch_Prediction_Accuracy,MPKI,ROB_Occ_at_Mispredict,BRANCH_DIRECT_JUMP,BRANCH_INDIRECT,BRANCH_CONDITIONAL,BRANCH_DIRECT_CALL,BRANCH_INDIRECT_CALL,BRANCH_RETURN
ltage_v3,30,cadical-med-30K-1463B,2.84458,91.3061,13.1342,57.9494,291511.0,0.0,4226891.0,6892.0,0.0,6892.0
ltage_v3,30,cadical-med-30K-831B,2.89382,91.2424,13.2584,57.4157,308041.0,0.0,4217864.0,7947.0,0.0,7947.0
ltage_v3,30,cadical-med-30K-1246B,2.83908,91.2681,13.2923,58.7329,289665.0,0.0,4266048.0,5545.0,0.0,5545.0
ltage_v3,30,kissat-mab-hywalk-low-30K-299B,2.75904,94.1204,8.7944,59.2972,700866.0,0.0,3649489.0,68462.0,0.0,68462.0
ltage_v3,30,cadical-med-30K-109B,2.92372,93.1457,10.1173,73.7129,312551.0,0.0,4076729.0,19428.0,0.0,19428.0
ltage_v3,30,cadical-med-30K-137B,3.27599,97.3581,6.1836,44.0731,691968.0,0.0,6265651.0,32101.0,0.0,32102.0
ltage_v3,30,cadical-low-60K-1186B,2.91708,95.7075,7.06113,89.1235,165457.0,0.0,4730803.0,19370.0,0.0,19368.0
ltage_v3,30,cadical-med-30K-267B,2.90111,91.5058,12.7579,59.1442,320704.0,0.0,4167063.0,9037.0,0.0,9031.0
