predictor,instructions,tracename,IPC,Branch_Prediction_Accuracy,MPKI,ROB_Occ_at_Mispredict,BRANCH_DIRECT_JUMP,BRANCH_INDIRECT,BRANCH_CONDITIONAL,BRANCH_DIRECT_CALL,BRANCH_INDIRECT_CALL,BRANCH_RETURN
ltage_base,5,cadical-med-30K-1463B,0.233733,91.0833,13.6142,55.6268,48515.0,0.0,712717.0,1091.0,0.0,1091.0
ltage_base,5,cadical-med-30K-831B,0.254906,90.5479,14.4458,55.8887,49183.0,0.0,712420.0,1276.0,0.0,1276.0
ltage_base,5,cadical-med-30K-1246B,0.217515,90.7841,14.1772,54.2689,49531.0,0.0,718149.0,745.0,0.0,744.0
ltage_base,5,kissat-mab-hywalk-low-30K-299B,0.582528,92.8925,10.813,50.7394,102851.0,0.0,625489.0,16167.0,0.0,16167.0
ltage_base,5,cadical-med-30K-109B,0.299488,92.9121,10.5116,72.5588,51874.0,0.0,684173.0,2736.0,0.0,2736.0
ltage_base,5,cadical-med-30K-137B,0.66412,97.2848,6.35799,43.7709,113723.0,0.0,1046412.0,5344.0,0.0,5343.0
ltage_base,5,cadical-low-60K-1186B,0.418126,96.5209,5.3758,92.891,26195.0,0.0,736707.0,4843.0,0.0,4844.0
ltage_base,5,cadical-med-30K-267B,0.254478,91.1295,13.4388,57.8049,51026.0,0.0,704527.0,973.0,0.0,973.0
