,Predictor,ltage_diff_num_entries
0,cadical-low-60K-1186B,0.9999237123276641
1,cadical-med-30K-109B,0.9998934867697657
2,cadical-med-30K-1246B,1.000072884929053
3,cadical-med-30K-137B,1.0004658670308775
4,cadical-med-30K-1463B,0.9998945190121326
5,cadical-med-30K-267B,1.0000282089283428
6,cadical-med-30K-831B,0.999978113276924
7,kissat-mab-hywalk-low-30K-299B,1.00013579345815
8,mean,1.000049057527231
