,Predictor,ltage_diff_num_entries
0,cadical-low-60K-1186B,0.9999854953693966
1,cadical-med-30K-109B,1.0000301360102721
2,cadical-med-30K-1246B,0.999742245613494
3,cadical-med-30K-137B,1.0003947173659193
4,cadical-med-30K-1463B,0.999714547013558
5,cadical-med-30K-267B,0.9997662666864188
6,cadical-med-30K-831B,1.00001987898118
7,kissat-mab-hywalk-low-30K-299B,1.0002292973060258
8,mean,0.9999852973744188
