predictor,instructions,tracename,IPC,Branch_Prediction_Accuracy,MPKI,ROB_Occ_at_Mispredict,BRANCH_DIRECT_JUMP,BRANCH_INDIRECT,BRANCH_CONDITIONAL,BRANCH_DIRECT_CALL,BRANCH_INDIRECT_CALL,BRANCH_RETURN
ltage_base,50,cadical-med-30K-1463B,2.84458,91.9597,12.0787,62.1378,461068.0,0.0,7026894.0,11674.0,0.0,11674.0
ltage_base,50,cadical-med-30K-831B,2.89382,91.3796,12.9778,58.9532,498645.0,0.0,7006879.0,10935.0,0.0,10935.0
ltage_base,50,cadical-med-30K-1246B,2.83908,90.5537,14.5435,54.7123,496513.0,0.0,7183690.0,8902.0,0.0,8902.0
ltage_base,50,kissat-mab-hywalk-low-30K-299B,2.75904,94.2608,8.53876,61.0284,1166598.0,0.0,6036902.0,117768.0,0.0,117767.0
ltage_base,50,cadical-med-30K-109B,2.92372,92.9462,10.438,71.1395,521075.0,0.0,6813244.0,32267.0,0.0,32267.0
ltage_base,50,cadical-med-30K-137B,3.27599,97.4527,5.99484,44.6447,1148418.0,0.0,10514920.0,51859.0,0.0,51859.0
ltage_base,50,cadical-low-60K-1186B,2.91708,94.3796,9.05748,75.6287,274391.0,0.0,7726558.0,28387.0,0.0,28385.0
ltage_base,50,cadical-med-30K-267B,2.90111,92.1694,11.654,64.4021,505843.0,0.0,6899915.0,17785.0,0.0,17785.0
