predictor,instructions,tracename,IPC,Branch_Prediction_Accuracy,MPKI,ROB_Occ_at_Mispredict,BRANCH_DIRECT_JUMP,BRANCH_INDIRECT,BRANCH_CONDITIONAL,BRANCH_DIRECT_CALL,BRANCH_INDIRECT_CALL,BRANCH_RETURN
ltage_v5,30,cadical-med-30K-267B,2.90124,91.3745,12.9551,58.0548,320704.0,0.0,4167071.0,9037.0,0.0,9031.0
ltage_v5,30,cadical-low-60K-1186B,2.91698,95.7243,7.0335,89.1436,165457.0,0.0,4730810.0,19370.0,0.0,19369.0
ltage_v5,30,cadical-med-30K-137B,3.27581,96.0307,9.29063,40.1908,691968.0,0.0,6265651.0,32101.0,0.0,32102.0
ltage_v5,30,kissat-mab-hywalk-low-30K-299B,2.75915,93.9579,9.03747,57.7013,700866.0,0.0,3649488.0,68462.0,0.0,68462.0
ltage_v5,30,cadical-med-30K-1463B,2.84462,91.1805,13.3239,57.0946,291511.0,0.0,4226891.0,6892.0,0.0,6892.0
ltage_v5,30,cadical-med-30K-831B,2.89378,91.1431,13.4088,56.7765,308041.0,0.0,4217864.0,7947.0,0.0,7947.0
ltage_v5,30,cadical-med-30K-109B,2.92373,92.9635,10.3862,71.985,312551.0,0.0,4076729.0,19428.0,0.0,19428.0
ltage_v5,30,cadical-med-30K-1246B,2.83894,91.1729,13.4372,58.0837,289665.0,0.0,4266048.0,5545.0,0.0,5545.0
