predictor,instructions,tracename,IPC,Branch_Prediction_Accuracy,MPKI,ROB_Occ_at_Mispredict,BRANCH_DIRECT_JUMP,BRANCH_INDIRECT,BRANCH_CONDITIONAL,BRANCH_DIRECT_CALL,BRANCH_INDIRECT_CALL,BRANCH_RETURN
ltage_diff_num_entries,5,cadical-med-30K-1463B,0.233942,91.0573,13.654,55.5967,48515.0,0.0,712717.0,1091.0,0.0,1091.0
ltage_diff_num_entries,5,cadical-med-30K-831B,0.255181,90.5497,14.443,55.6982,49183.0,0.0,712420.0,1276.0,0.0,1276.0
ltage_diff_num_entries,5,cadical-med-30K-1246B,0.217349,90.7607,14.2132,54.1674,49531.0,0.0,718149.0,745.0,0.0,744.0
ltage_diff_num_entries,5,kissat-mab-hywalk-low-30K-299B,0.583524,92.9138,10.7806,50.8961,102851.0,0.0,625489.0,16167.0,0.0,16167.0
ltage_diff_num_entries,5,cadical-med-30K-109B,0.299548,92.9149,10.5074,72.3531,51874.0,0.0,684173.0,2736.0,0.0,2736.0
ltage_diff_num_entries,5,cadical-med-30K-137B,0.667943,97.3232,6.26859,44.7711,113726.0,0.0,1046489.0,5344.0,0.0,5343.0
ltage_diff_num_entries,5,cadical-low-60K-1186B,0.417493,96.5195,5.378,93.0008,26195.0,0.0,736707.0,4843.0,0.0,4844.0
ltage_diff_num_entries,5,cadical-med-30K-267B,0.254311,91.1082,13.471,57.7492,51026.0,0.0,704527.0,973.0,0.0,973.0
