predictor,instructions,tracename,IPC,Branch_Prediction_Accuracy,MPKI,ROB_Occ_at_Mispredict,BRANCH_DIRECT_JUMP,BRANCH_INDIRECT,BRANCH_CONDITIONAL,BRANCH_DIRECT_CALL,BRANCH_INDIRECT_CALL,BRANCH_RETURN
ltage_v3,15,cadical-med-30K-267B,2.9013,92.1989,11.5515,63.981,148475.0,0.0,2063809.0,4422.0,0.0,4423.0
ltage_v3,15,cadical-low-60K-1186B,2.91696,96.0842,6.53053,94.0976,83502.0,0.0,2401906.0,8110.0,0.0,8111.0
ltage_v3,15,cadical-med-30K-137B,3.27584,97.4536,5.97273,43.487,341103.0,0.0,3145729.0,15737.0,0.0,15737.0
ltage_v3,15,kissat-mab-hywalk-low-30K-299B,2.75911,94.2054,8.71413,58.2367,342035.0,0.0,1844605.0,34557.0,0.0,34558.0
ltage_v3,15,cadical-med-30K-1463B,2.84457,91.8235,12.3193,60.8799,146335.0,0.0,2106962.0,3356.0,0.0,3356.0
ltage_v3,15,cadical-med-30K-831B,2.89369,91.685,12.4049,61.3352,147181.0,0.0,2084079.0,3271.0,0.0,3272.0
ltage_v3,15,cadical-med-30K-109B,2.92378,93.1103,10.1963,73.9377,152984.0,0.0,2044777.0,11076.0,0.0,11076.0
ltage_v3,15,cadical-med-30K-1246B,2.8389,91.7194,12.4493,60.2708,139402.0,0.0,2109995.0,2870.0,0.0,2870.0
