predictor,instructions,tracename,IPC,Branch_Prediction_Accuracy,MPKI,ROB_Occ_at_Mispredict,BRANCH_DIRECT_JUMP,BRANCH_INDIRECT,BRANCH_CONDITIONAL,BRANCH_DIRECT_CALL,BRANCH_INDIRECT_CALL,BRANCH_RETURN
ltage_crazy,30,cadical-med-30K-1463B,2.84454,91.313,13.1237,57.9983,291511.0,0.0,4226891.0,6892.0,0.0,6892.0
ltage_crazy,30,cadical-med-30K-831B,2.89396,91.2352,13.2694,57.4308,308041.0,0.0,4217864.0,7947.0,0.0,7947.0
ltage_crazy,30,cadical-med-30K-1246B,2.83917,91.2677,13.2928,58.7613,289665.0,0.0,4266048.0,5545.0,0.0,5545.0
ltage_crazy,30,kissat-mab-hywalk-low-30K-299B,2.7591,94.1129,8.80573,59.06,700866.0,0.0,3649488.0,68462.0,0.0,68462.0
ltage_crazy,30,cadical-med-30K-109B,2.92382,93.1426,10.1218,73.7641,312551.0,0.0,4076729.0,19428.0,0.0,19428.0
ltage_crazy,30,cadical-med-30K-137B,3.27579,97.3479,6.20757,43.516,691968.0,0.0,6265651.0,32101.0,0.0,32102.0
ltage_crazy,30,cadical-low-60K-1186B,2.91702,95.6543,7.14867,88.1468,165457.0,0.0,4730805.0,19370.0,0.0,19369.0
ltage_crazy,30,cadical-med-30K-267B,2.90126,91.4997,12.767,58.953,320704.0,0.0,4167071.0,9037.0,0.0,9031.0
