predictor,instructions,tracename,IPC,Branch_Prediction_Accuracy,MPKI,ROB_Occ_at_Mispredict,BRANCH_DIRECT_JUMP,BRANCH_INDIRECT,BRANCH_CONDITIONAL,BRANCH_DIRECT_CALL,BRANCH_INDIRECT_CALL,BRANCH_RETURN
ltage_diff_num_entries,50,cadical-med-30K-1463B,2.84449,91.95,12.0931,62.1448,461068.0,0.0,7026854.0,11674.0,0.0,11674.0
ltage_diff_num_entries,50,cadical-med-30K-831B,2.8941,91.3776,12.9809,58.9243,498645.0,0.0,7006878.0,10935.0,0.0,10935.0
ltage_diff_num_entries,50,cadical-med-30K-1246B,2.83911,90.5603,14.5333,54.7369,496513.0,0.0,7183691.0,8902.0,0.0,8902.0
ltage_diff_num_entries,50,kissat-mab-hywalk-low-30K-299B,2.75911,94.2736,8.51978,61.2296,1166598.0,0.0,6036902.0,117768.0,0.0,117767.0
ltage_diff_num_entries,50,cadical-med-30K-109B,2.9237,92.9363,10.4526,70.9808,521075.0,0.0,6813242.0,32267.0,0.0,32267.0
ltage_diff_num_entries,50,cadical-med-30K-137B,3.27595,97.4981,5.8881,44.7065,1148418.0,0.0,10514923.0,51859.0,0.0,51859.0
ltage_diff_num_entries,50,cadical-low-60K-1186B,2.91706,94.3724,9.06916,75.6581,274391.0,0.0,7726558.0,28387.0,0.0,28385.0
ltage_diff_num_entries,50,cadical-med-30K-267B,2.90117,92.172,11.6501,64.4397,505843.0,0.0,6899915.0,17785.0,0.0,17785.0
