,Predictor,ltage_v3,ltage_v2,hashed_perceptron
0,cadical-low-60K-1186B,0.9995665751078341,0.9961493070423713,1.001960333789387
1,cadical-med-30K-109B,0.9977099277523981,0.9904423224203215,1.002321134967518
2,cadical-med-30K-1246B,0.9976247576115971,0.9896114571286785,1.0042979535532446
3,cadical-med-30K-137B,0.9987761265688251,0.9985914683813889,0.9978097487212421
4,cadical-med-30K-1463B,0.9975986986213822,0.9891843113519939,1.004029117144833
5,cadical-med-30K-267B,0.9977570969834753,0.9900372363335023,1.0038980934779171
6,cadical-med-30K-831B,0.9977200880472472,0.9900657073905231,1.0043028554120297
7,kissat-mab-hywalk-low-30K-299B,0.9988241686405352,0.9925969318017812,1.0022115817266468
8,mean,0.9981969328114121,0.9920795238885372,1.0026017853400335
