,Predictor,actual_ltage,ltage_v3
0,cadical-low-60K-1186B,0.9980435016005345,0.9976109247034763
1,cadical-med-30K-109B,0.9976842402234756,0.99539947123307
2,cadical-med-30K-1246B,0.9957204397977331,0.9933553624021263
3,cadical-med-30K-137B,1.0021950590095605,1.000968499103984
4,cadical-med-30K-1463B,0.9959870514947906,0.9935953864149506
5,cadical-med-30K-267B,0.996117042652793,0.9938828487330154
6,cadical-med-30K-831B,0.9957155798284927,0.9934454359764995
7,kissat-mab-hywalk-low-30K-299B,0.9977932985739033,0.9966200619231763
8,mean,0.9974049663803949,0.9956065782117797
