predictor,instructions,tracename,IPC,Branch_Prediction_Accuracy,MPKI,ROB_Occ_at_Mispredict,BRANCH_DIRECT_JUMP,BRANCH_INDIRECT,BRANCH_CONDITIONAL,BRANCH_DIRECT_CALL,BRANCH_INDIRECT_CALL,BRANCH_RETURN
actual_ltage,30,cadical-med-30K-267B,2.90116,91.7115,12.4488,60.3236,320704.0,0.0,4167061.0,9037.0,0.0,9031.0
actual_ltage,30,cadical-low-60K-1186B,2.91696,95.749,6.99297,89.747,165458.0,0.0,4730812.0,19370.0,0.0,19369.0
actual_ltage,30,cadical-med-30K-137B,3.27606,97.4774,5.90433,44.4801,691968.0,0.0,6265651.0,32101.0,0.0,32102.0
actual_ltage,30,kissat-mab-hywalk-low-30K-299B,2.75912,94.2312,8.62873,60.1514,700866.0,0.0,3649489.0,68462.0,0.0,68462.0
actual_ltage,30,cadical-med-30K-1463B,2.84465,91.5337,12.7903,59.359,291511.0,0.0,4226891.0,6892.0,0.0,6892.0
actual_ltage,30,cadical-med-30K-831B,2.89389,91.4509,12.9428,58.7033,308041.0,0.0,4217864.0,7947.0,0.0,7947.0
actual_ltage,30,cadical-med-30K-109B,2.9235,93.3595,9.80167,75.8023,312551.0,0.0,4076729.0,19428.0,0.0,19428.0
actual_ltage,30,cadical-med-30K-1246B,2.83891,91.4854,12.9615,60.2029,289665.0,0.0,4266046.0,5545.0,0.0,5545.0
