,Predictor,hashed_perceptron,ltage_v2,ltage_v3
0,cadical-low-60K-1186B,1.0,0.9942003425175142,0.9976109247034763
1,cadical-med-30K-109B,1.0,0.9881486959290932,0.99539947123307
2,cadical-med-30K-1246B,1.0,0.9853763553210431,0.9933553624021263
3,cadical-med-30K-137B,1.0,1.0007834355809297,1.000968499103984
4,cadical-med-30K-1463B,1.0,0.9852147656483773,0.9935953864149506
5,cadical-med-30K-267B,1.0,0.9861929639726726,0.9938828487330154
6,cadical-med-30K-831B,1.0,0.9858238499026616,0.9934454359764995
7,kissat-mab-hywalk-low-30K-299B,1.0,0.990406566736835,0.9966200619231763
8,mean,1.0,0.9895050441707245,0.9956065782117797
