predictor,instructions,tracename,IPC,Branch_Prediction_Accuracy,MPKI,ROB_Occ_at_Mispredict,BRANCH_DIRECT_JUMP,BRANCH_INDIRECT,BRANCH_CONDITIONAL,BRANCH_DIRECT_CALL,BRANCH_INDIRECT_CALL,BRANCH_RETURN
ltage_v2,30,cadical-med-30K-1463B,2.84454,90.5437,14.2859,54.2789,291511.0,0.0,4226889.0,6892.0,0.0,6892.0
ltage_v2,30,cadical-med-30K-831B,2.89395,90.5424,14.3182,54.0562,308041.0,0.0,4217864.0,7947.0,0.0,7947.0
ltage_v2,30,cadical-med-30K-1246B,2.83893,90.535,14.4082,55.35,289665.0,0.0,4266048.0,5545.0,0.0,5545.0
ltage_v2,30,kissat-mab-hywalk-low-30K-299B,2.75895,93.5336,9.67223,54.9323,700866.0,0.0,3649489.0,68462.0,0.0,68462.0
ltage_v2,30,cadical-med-30K-109B,2.92371,92.4672,11.1188,68.1133,312551.0,0.0,4076729.0,19428.0,0.0,19428.0
ltage_v2,30,cadical-med-30K-137B,3.27612,97.3401,6.2257,44.3839,691968.0,0.0,6265651.0,32101.0,0.0,32102.0
ltage_v2,30,cadical-low-60K-1186B,2.91706,95.3803,7.5994,84.5855,165457.0,0.0,4730810.0,19370.0,0.0,19369.0
ltage_v2,30,cadical-med-30K-267B,2.90095,90.7978,13.8212,55.3649,320704.0,0.0,4167071.0,9037.0,0.0,9031.0
