predictor,instructions,tracename,IPC,Branch_Prediction_Accuracy,MPKI,ROB_Occ_at_Mispredict,BRANCH_DIRECT_JUMP,BRANCH_INDIRECT,BRANCH_CONDITIONAL,BRANCH_DIRECT_CALL,BRANCH_INDIRECT_CALL,BRANCH_RETURN
ltage_loop,30,cadical-med-30K-267B,2.90132,77.4409,33.8826,31.8533,320704.0,0.0,4167062.0,9037.0,0.0,9031.0
ltage_loop,30,cadical-low-60K-1186B,2.91699,86.13,22.8162,60.3704,165457.0,0.0,4730805.0,19370.0,0.0,19369.0
ltage_loop,30,cadical-med-30K-137B,3.27452,74.4392,59.8277,6.50214,691968.0,0.0,6265650.0,32101.0,0.0,32102.0
ltage_loop,30,kissat-mab-hywalk-low-30K-299B,2.75919,90.3382,14.4517,35.7788,700866.0,0.0,3649490.0,68462.0,0.0,68462.0
ltage_loop,30,cadical-med-30K-1463B,2.84458,78.886,31.8974,42.4462,291510.0,0.0,4226888.0,6892.0,0.0,6892.0
ltage_loop,30,cadical-med-30K-831B,2.8941,82.1528,27.0195,42.1653,308041.0,0.0,4217864.0,7947.0,0.0,7947.0
ltage_loop,30,cadical-med-30K-109B,2.92359,82.324,26.0905,33.796,312549.0,0.0,4076720.0,19428.0,0.0,19428.0
ltage_loop,30,cadical-med-30K-1246B,2.83873,73.974,39.6185,37.6981,289665.0,0.0,4266048.0,5545.0,0.0,5545.0
