predictor,instructions,tracename,IPC,Branch_Prediction_Accuracy,MPKI,ROB_Occ_at_Mispredict,BRANCH_DIRECT_JUMP,BRANCH_INDIRECT,BRANCH_CONDITIONAL,BRANCH_DIRECT_CALL,BRANCH_INDIRECT_CALL,BRANCH_RETURN
ltage_v4,30,cadical-med-30K-1463B,2.84433,91.4366,12.937,58.6797,291511.0,0.0,4226891.0,6892.0,0.0,6892.0
ltage_v4,30,cadical-med-30K-831B,2.89389,91.3473,13.0996,58.1123,308041.0,0.0,4217864.0,7947.0,0.0,7947.0
ltage_v4,30,cadical-med-30K-1246B,2.83905,91.3731,13.1325,59.4349,289665.0,0.0,4266048.0,5545.0,0.0,5545.0
ltage_v4,30,kissat-mab-hywalk-low-30K-299B,2.75892,94.1905,8.68967,59.7664,700866.0,0.0,3649489.0,68462.0,0.0,68462.0
ltage_v4,30,cadical-med-30K-109B,2.92377,93.2633,9.94363,74.8234,312551.0,0.0,4076729.0,19428.0,0.0,19428.0
ltage_v4,30,cadical-med-30K-137B,3.27592,97.238,6.46477,42.7713,691968.0,0.0,6265651.0,32101.0,0.0,32102.0
ltage_v4,30,cadical-low-60K-1186B,2.917,95.6746,7.11533,88.7811,165457.0,0.0,4730810.0,19370.0,0.0,19369.0
ltage_v4,30,cadical-med-30K-267B,2.90125,91.6256,12.5779,59.7955,320704.0,0.0,4167071.0,9037.0,0.0,9031.0
