predictor,instructions,tracename,IPC,Branch_Prediction_Accuracy,MPKI,ROB_Occ_at_Mispredict,BRANCH_DIRECT_JUMP,BRANCH_INDIRECT,BRANCH_CONDITIONAL,BRANCH_DIRECT_CALL,BRANCH_INDIRECT_CALL,BRANCH_RETURN
ltage_v2,30,cadical-med-30K-267B,2.90121,85.9203,21.147,40.4869,320704.0,0.0,4167081.0,9038.0,0.0,9031.0
ltage_v2,30,cadical-low-60K-1186B,2.91031,94.0934,9.71647,67.7173,165458.0,0.0,4730827.0,19370.0,0.0,19369.0
ltage_v2,30,cadical-med-30K-137B,3.27421,85.9379,32.9137,12.1369,691968.0,0.0,6265650.0,32101.0,0.0,32102.0
ltage_v2,30,kissat-mab-hywalk-low-30K-299B,2.75907,92.1233,11.7816,44.3407,700866.0,0.0,3649489.0,68462.0,0.0,68462.0
ltage_v2,30,cadical-med-30K-1463B,2.84456,87.2236,19.3017,43.4376,291511.0,0.0,4226889.0,6892.0,0.0,6892.0
ltage_v2,30,cadical-med-30K-831B,2.89416,86.5997,20.2871,42.449,308041.0,0.0,4217844.0,7947.0,0.0,7947.0
ltage_v2,30,cadical-med-30K-109B,2.92362,86.332,20.1746,42.7586,312549.0,0.0,4076719.0,19428.0,0.0,19428.0
ltage_v2,30,cadical-med-30K-1246B,2.83879,86.951,19.8641,43.7944,289665.0,0.0,4266048.0,5545.0,0.0,5545.0
