predictor,instructions,tracename,IPC,Branch_Prediction_Accuracy,MPKI,ROB_Occ_at_Mispredict,BRANCH_DIRECT_JUMP,BRANCH_INDIRECT,BRANCH_CONDITIONAL,BRANCH_DIRECT_CALL,BRANCH_INDIRECT_CALL,BRANCH_RETURN
ltage,30,cadical-med-30K-267B,2.90121,85.7465,21.408,39.0806,320704.0,0.0,4167081.0,9038.0,0.0,9031.0
ltage,30,cadical-low-60K-1186B,2.90624,93.4595,10.7591,62.7949,165458.0,0.0,4730827.0,19370.0,0.0,19369.0
ltage,30,cadical-med-30K-137B,3.27421,85.9379,32.9137,12.1369,691968.0,0.0,6265650.0,32101.0,0.0,32102.0
ltage,30,kissat-mab-hywalk-low-30K-299B,2.75908,91.9348,12.0636,43.1855,700866.0,0.0,3649489.0,68462.0,0.0,68462.0
ltage,30,cadical-med-30K-1463B,2.84452,86.5347,20.3424,42.0412,291511.0,0.0,4226889.0,6892.0,0.0,6892.0
ltage,30,cadical-med-30K-831B,2.89396,86.7664,20.0347,42.6181,308041.0,0.0,4217844.0,7947.0,0.0,7947.0
ltage,30,cadical-med-30K-109B,2.92358,86.1256,20.4791,41.4859,312549.0,0.0,4076719.0,19428.0,0.0,19428.0
ltage,30,cadical-med-30K-1246B,2.83861,86.4817,20.5784,42.0958,289665.0,0.0,4266048.0,5545.0,0.0,5545.0
