predictor,instructions,tracename,IPC,Branch_Prediction_Accuracy,MPKI,ROB_Occ_at_Mispredict,BRANCH_DIRECT_JUMP,BRANCH_INDIRECT,BRANCH_CONDITIONAL,BRANCH_DIRECT_CALL,BRANCH_INDIRECT_CALL,BRANCH_RETURN
ltage_v2,30,cadical-med-30K-267B,2.9013,91.5058,12.7579,59.0257,320704.0,0.0,4167063.0,9037.0,0.0,9031.0
ltage_v2,30,cadical-low-60K-1186B,2.91696,95.7184,7.0433,89.2427,165457.0,0.0,4730810.0,19370.0,0.0,19369.0
ltage_v2,30,cadical-med-30K-137B,3.27584,97.3581,6.1836,44.1596,691968.0,0.0,6265651.0,32101.0,0.0,32102.0
ltage_v2,30,kissat-mab-hywalk-low-30K-299B,2.75911,94.1204,8.7944,59.1296,700866.0,0.0,3649489.0,68462.0,0.0,68462.0
ltage_v2,30,cadical-med-30K-1463B,2.84457,91.3139,13.1224,57.9492,291511.0,0.0,4226891.0,6892.0,0.0,6892.0
ltage_v2,30,cadical-med-30K-831B,2.89369,91.2424,13.2584,57.4208,308041.0,0.0,4217864.0,7947.0,0.0,7947.0
ltage_v2,30,cadical-med-30K-109B,2.92378,93.1457,10.1173,73.6916,312551.0,0.0,4076729.0,19428.0,0.0,19428.0
ltage_v2,30,cadical-med-30K-1246B,2.8389,91.2681,13.2923,58.7584,289665.0,0.0,4266048.0,5545.0,0.0,5545.0
